case_name,disturbance,torque_peak_Nm,method,status,rmse_m,mae_m,maximum_error_m,resolution_m,nominal_step_m,robustness_score,degradation_ratio,seed,error_message
ideal,ideal,8,Patent 1/4,ok,2.80982646572075e-06,2.39334425139413e-06,4.99783511199512e-06,1.47245087382035e-06,5e-06,0.181959701963823,1,20260916,
ideal,ideal,8,Patent 1/16,ok,7.18820758933684e-07,6.22354746146757e-07,1.24977831142007e-06,3.59781242353343e-07,1.25e-06,0.465091788354226,1,20260916,
ideal,ideal,8,Patent 1/32,ok,3.59827198148709e-07,3.11572637201229e-07,6.24889155710035e-07,1.80039727080327e-07,6.25e-07,0.634629101607757,1,20260916,
ideal,ideal,8,Traditional atan2,ok,1.24311694450841e-07,1.08506066313214e-07,2.07348924526067e-07,1.19838199907859e-07,NaN,0.834098819794949,1,20260916,
ideal,ideal,8,Existing improved,ok,1.45883677106514e-07,1.21620505138118e-07,2.84452755042115e-07,1.31017032992529e-07,NaN,0.810757859533252,1,20260916,
amplitude_mismatch,amplitude mismatch,8,Patent 1/4,ok,2.80982646572075e-06,2.39334425139413e-06,4.99783511199512e-06,1.47245087382035e-06,5e-06,0.181959701963823,1,20260917,
amplitude_mismatch,amplitude mismatch,8,Patent 1/16,ok,9.32136500360954e-07,7.5665479858901e-07,2.10066566947217e-06,7.15742168254439e-07,1.25e-06,0.401377785348376,1.29675790351924,20260917,
amplitude_mismatch,amplitude mismatch,8,Patent 1/32,ok,7.03855377805087e-07,5.88075703439512e-07,1.50275961713147e-06,6.41062590784618e-07,6.25e-07,0.470329586228061,1.95609276182118,20260917,
amplitude_mismatch,amplitude mismatch,8,Traditional atan2,ok,6.30478933181593e-07,5.61183778621699e-07,1.02648218840754e-06,6.25544900137909e-07,NaN,0.497817990793478,5.07175882338981,20260917,
amplitude_mismatch,amplitude mismatch,8,Existing improved,ok,1.45883677106514e-07,1.21620505138117e-07,2.84452755042113e-07,1.31017032992529e-07,NaN,0.810757859533253,0.999999999999996,20260917,
phase_error,phase error,8,Patent 1/4,ok,2.54479569233202e-06,2.1095163210435e-06,4.99503115714767e-06,1.48963887668925e-06,5e-06,0.197173591191358,0.905677173796302,20260918,
phase_error,phase error,8,Patent 1/16,ok,5.25256618595993e-07,4.29707731670676e-07,1.24503115714767e-06,4.4211366750225e-07,1.25e-06,0.543357012596787,0.73071987984205,20260918,
phase_error,phase error,8,Patent 1/32,ok,3.1605551947596e-07,2.62610075917698e-07,7.1738681807776e-07,3.14896360155114e-07,6.25e-07,0.664147850009997,0.878353612795387,20260918,
phase_error,phase error,8,Traditional atan2,ok,4.68547344603586e-07,3.72111352982046e-07,9.20747439414402e-07,2.84869704488547e-07,NaN,0.571534468154705,3.76913327964387,20260918,
phase_error,phase error,8,Existing improved,ok,1.45883677106707e-07,1.21620505138206e-07,2.84452755042789e-07,1.31017032992566e-07,NaN,0.810757859533049,1.00000000000132,20260918,
dc_offset,DC offset,8,Patent 1/4,ok,2.89270969496374e-06,2.48341580758153e-06,5.23549251088687e-06,1.48394561649602e-06,5e-06,0.177672421602841,1.02949763277346,20260919,
dc_offset,DC offset,8,Patent 1/16,ok,8.0655557994461e-07,7.12412087129141e-07,1.50470281655642e-06,3.79615946946045e-07,1.25e-06,0.436588008706014,1.12205382206974,20260919,
dc_offset,DC offset,8,Patent 1/32,ok,4.56089670149312e-07,4.02954063623558e-07,8.89307969391191e-07,2.16371722698814e-07,6.25e-07,0.578120406898051,1.26752416853386,20260919,
dc_offset,DC offset,8,Traditional atan2,ok,1.24311694450841e-07,1.08506066313213e-07,2.07348924526066e-07,1.19838199907858e-07,NaN,0.834098819794949,0.999999999999996,20260919,
dc_offset,DC offset,8,Existing improved,ok,1.45883677106514e-07,1.21620505138118e-07,2.84452755042116e-07,1.31017032992529e-07,NaN,0.810757859533252,1,20260919,
snr_30dB,Gaussian noise,8,Patent 1/4,ok,2.81489219407518e-06,2.39849713090837e-06,5.14871360250402e-06,1.47399480638269e-06,5e-06,0.181691740536663,1.00180286164154,20260920,
snr_30dB,Gaussian noise,8,Patent 1/16,ok,7.24467289181304e-07,6.2744158305315e-07,1.42786159387824e-06,3.63498901876719e-07,1.25e-06,0.463145720545161,1.00785526875434,20260920,
snr_30dB,Gaussian noise,8,Patent 1/32,ok,3.70871786530219e-07,3.2143102785756e-07,8.02861593878238e-07,1.8750910350534e-07,6.25e-07,0.627590828913432,1.03069414551855,20260920,
snr_30dB,Gaussian noise,8,Traditional atan2,ok,1.3106486537171e-07,1.11583809917118e-07,3.66544136341412e-07,1.28629522149643e-07,NaN,0.826648649640301,1.05432450221761,20260920,
snr_30dB,Gaussian noise,8,Existing improved,ok,1.49817940090911e-07,1.22670796363132e-07,4.09986808655734e-07,1.39450801992686e-07,NaN,0.806641105814699,1.0269684934081,20260920,
snr_20dB,Gaussian noise,8,Patent 1/4,ok,2.70393308230077e-06,2.276404666009e-06,5.06409958212605e-06,1.47196054907303e-06,5e-06,0.187747841289749,0.962313194529323,20260921,
snr_20dB,Gaussian noise,8,Patent 1/16,ok,6.35792628312927e-07,5.29848900726441e-07,1.59320323578428e-06,3.96872984473617e-07,1.25e-06,0.495719903467643,0.884493972121892,20260921,
snr_20dB,Gaussian noise,8,Patent 1/32,ok,3.01707368527057e-07,2.45811530421805e-07,9.68203235784282e-07,2.42829313472313e-07,6.25e-07,0.674430808717317,0.83847849767701,20260921,
snr_20dB,Gaussian noise,8,Traditional atan2,ok,2.60877311872388e-07,2.1182151654456e-07,9.1569393554214e-07,1.94429323371696e-07,NaN,0.70551530287981,2.09857417698985,20260921,
snr_20dB,Gaussian noise,8,Existing improved,ok,2.90963698553533e-07,2.40550823771185e-07,9.10022417155814e-07,2.00549585554916e-07,NaN,0.682341451945077,1.99449112007981,20260921,
snr_10dB,Gaussian noise,8,Patent 1/4,ok,3.00935485973799e-06,2.5855419899976e-06,6.30654847300619e-06,1.5607037795599e-06,5e-06,0.171969998561191,1.07101093126264,20260922,
snr_10dB,Gaussian noise,8,Patent 1/16,ok,1.00723669030724e-06,8.45295624625847e-07,2.90644206248783e-06,6.25286215716532e-07,1.25e-06,0.382910152498994,1.40123483885107,20260922,
snr_10dB,Gaussian noise,8,Patent 1/32,ok,7.28462486008444e-07,5.91928961454651e-07,2.47387765205317e-06,5.38956457248283e-07,6.25e-07,0.461778591177074,2.0244786657494,20260922,
snr_10dB,Gaussian noise,8,Traditional atan2,ok,5.44243422359123e-07,4.29745456872567e-07,2.6664816274471e-06,5.23338524595042e-07,NaN,0.534533689091848,4.37805489470134,20260922,
snr_10dB,Gaussian noise,8,Existing improved,ok,5.40794360928006e-07,4.27984144414881e-07,2.65433480718776e-06,5.27284882048873e-07,NaN,0.536115133978244,3.70702447082654,20260922,
torque_neg8Nm,torque sweep,-8,Patent 1/4,ok,2.80982646572075e-06,2.39334425139413e-06,4.99783511199512e-06,1.47245087382035e-06,5e-06,0.181959701963823,1,20260923,
torque_neg8Nm,torque sweep,-8,Patent 1/16,ok,7.18820758933684e-07,6.22354746146757e-07,1.24977831142007e-06,3.59781242353343e-07,1.25e-06,0.465091788354226,1,20260923,
torque_neg8Nm,torque sweep,-8,Patent 1/32,ok,3.59827198148709e-07,3.11572637201229e-07,6.24889155710035e-07,1.80039727080327e-07,6.25e-07,0.634629101607757,1,20260923,
torque_neg8Nm,torque sweep,-8,Traditional atan2,ok,1.24311694450841e-07,1.08506066313214e-07,2.07348924526066e-07,1.19838199907859e-07,NaN,0.834098819794949,0.999999999999999,20260923,
torque_neg8Nm,torque sweep,-8,Existing improved,ok,1.45883677106514e-07,1.21620505138118e-07,2.84452755042115e-07,1.31017032992529e-07,NaN,0.810757859533252,0.999999999999998,20260923,
torque_neg4Nm,torque sweep,-4,Patent 1/4,ok,2.80641942254097e-06,2.37733179586198e-06,4.99751557857383e-06,1.49177600508676e-06,5e-06,0.182140369053803,0.998787454235576,20260924,
torque_neg4Nm,torque sweep,-4,Patent 1/16,ok,7.05786498290169e-07,6.06342290614608e-07,1.24945877799878e-06,3.61315443324555e-07,1.25e-06,0.469647085240959,0.981867161623365,20260924,
torque_neg4Nm,torque sweep,-4,Patent 1/32,ok,3.59410379466842e-07,3.11177373073378e-07,6.24889155710035e-07,1.79890621176671e-07,6.25e-07,0.634897816029226,0.998841614297053,20260924,
torque_neg4Nm,torque sweep,-4,Traditional atan2,ok,2.37554759025712e-06,1.83337940881976e-06,3.68405166736931e-06,1.71967326311265e-06,NaN,0.208295313171968,19.1096067087761,20260924,
torque_neg4Nm,torque sweep,-4,Existing improved,ok,3.43699340169323e-06,2.85008506317598e-06,5.77555336534038e-06,1.94941848105451e-06,NaN,0.153865341026766,23.5598215637502,20260924,
torque_neg1Nm,torque sweep,-1,Patent 1/4,ok,1.52681354849249e-06,1.32209406840578e-06,2.64418813681155e-06,7.63883825977194e-07,5e-06,0.290452674414036,0.543383574437521,20260925,
torque_neg1Nm,torque sweep,-1,Patent 1/16,ok,7.01604855635243e-07,5.94332948965496e-07,1.24937889464346e-06,3.72944001271691e-07,1.25e-06,0.471127478046746,0.976049796719867,20260925,
torque_neg1Nm,torque sweep,-1,Patent 1/32,ok,3.51228308215094e-07,2.99168031424266e-07,6.2472938899939e-07,1.84056359227543e-07,6.25e-07,0.640219090903778,0.976102723813386,20260925,
torque_neg1Nm,torque sweep,-1,Traditional atan2,ok,5.698328157195e-06,4.17217285219792e-06,8.35843418621836e-06,3.93686150298147e-06,NaN,0.0988403550255167,45.8390353567933,20260925,
torque_neg1Nm,torque sweep,-1,Existing improved,ok,7.74794555223268e-06,6.58881823916793e-06,1.31776364783339e-05,4.07755362427227e-06,NaN,0.0746451766706331,53.1104350116954,20260925,
torque_0Nm,torque sweep,0,Patent 1/4,ok,0,0,0,0,5e-06,1,0,20260926,
torque_0Nm,torque sweep,0,Patent 1/16,ok,0,0,0,0,1.25e-06,1,0,20260926,
torque_0Nm,torque sweep,0,Patent 1/32,ok,0,0,0,0,6.25e-07,1,0,20260926,
torque_0Nm,torque sweep,0,Traditional atan2,ok,0,0,0,0,NaN,1,0,20260926,
torque_0Nm,torque sweep,0,Existing improved,warning,0,0,0,0,NaN,NaN,NaN,20260926,MATLAB:rankDeficientMatrix: 秩亏，秩 = 1，tol =  1.987517e-11。
torque_pos1Nm,torque sweep,1,Patent 1/4,ok,1.52681354849249e-06,1.32209406840578e-06,2.64418813681155e-06,7.63883825977194e-07,5e-06,0.290452674414036,0.543383574437521,20260927,
torque_pos1Nm,torque sweep,1,Patent 1/16,ok,7.01604855635243e-07,5.94332948965496e-07,1.24937889464346e-06,3.72944001271691e-07,1.25e-06,0.471127478046746,0.976049796719867,20260927,
torque_pos1Nm,torque sweep,1,Patent 1/32,ok,3.51228308215094e-07,2.99168031424266e-07,6.2472938899939e-07,1.84056359227543e-07,6.25e-07,0.640219090903778,0.976102723813386,20260927,
torque_pos1Nm,torque sweep,1,Traditional atan2,ok,5.698328157195e-06,4.17217285219792e-06,8.35843418621836e-06,3.93686150298147e-06,NaN,0.0988403550255167,45.8390353567933,20260927,
torque_pos1Nm,torque sweep,1,Existing improved,ok,7.74794555223268e-06,6.58881823916793e-06,1.31776364783339e-05,4.07755362427227e-06,NaN,0.0746451766706331,53.1104350116954,20260927,
torque_pos4Nm,torque sweep,4,Patent 1/4,ok,2.80641942254097e-06,2.37733179586198e-06,4.99751557857383e-06,1.49177600508676e-06,5e-06,0.182140369053803,0.998787454235576,20260928,
torque_pos4Nm,torque sweep,4,Patent 1/16,ok,7.05786498290169e-07,6.06342290614608e-07,1.24945877799878e-06,3.61315443324555e-07,1.25e-06,0.469647085240959,0.981867161623365,20260928,
torque_pos4Nm,torque sweep,4,Patent 1/32,ok,3.59410379466842e-07,3.11177373073378e-07,6.24889155710035e-07,1.79890621176671e-07,6.25e-07,0.634897816029226,0.998841614297053,20260928,
torque_pos4Nm,torque sweep,4,Traditional atan2,ok,2.37554759025712e-06,1.83337940881976e-06,3.68405166736931e-06,1.71967326311265e-06,NaN,0.208295313171968,19.1096067087761,20260928,
torque_pos4Nm,torque sweep,4,Existing improved,ok,3.43699340169323e-06,2.85008506317598e-06,5.77555336534038e-06,1.94941848105451e-06,NaN,0.153865341026766,23.5598215637502,20260928,
torque_pos8Nm,torque sweep,8,Patent 1/4,ok,2.80982646572075e-06,2.39334425139413e-06,4.99783511199512e-06,1.47245087382035e-06,5e-06,0.181959701963823,1,20260929,
torque_pos8Nm,torque sweep,8,Patent 1/16,ok,7.18820758933684e-07,6.22354746146757e-07,1.24977831142007e-06,3.59781242353343e-07,1.25e-06,0.465091788354226,1,20260929,
torque_pos8Nm,torque sweep,8,Patent 1/32,ok,3.59827198148709e-07,3.11572637201229e-07,6.24889155710035e-07,1.80039727080327e-07,6.25e-07,0.634629101607757,1,20260929,
torque_pos8Nm,torque sweep,8,Traditional atan2,ok,1.24311694450841e-07,1.08506066313214e-07,2.07348924526067e-07,1.19838199907859e-07,NaN,0.834098819794949,1,20260929,
torque_pos8Nm,torque sweep,8,Existing improved,ok,1.45883677106514e-07,1.21620505138118e-07,2.84452755042115e-07,1.31017032992529e-07,NaN,0.810757859533252,1,20260929,
